AREA,BFIHOST,FARL,FPEXT,LDP,PROPWET,RMED-1D,SAAR,Index flood
1800.92,0.471,0.959,0.0819,152.3,0.43,38.8,1110,183.0255
31.4,0.514,0.998,0.048,14.18,0.4,35.2,922,9.581
130.1,0.653,0.985,0.1461,30.25,0.28,27.5,596,3.815
344.36,0.461,0.909,0.0258,42.68,0.41,38.5,1170,80.671
710.96,0.458,0.995,0.1129,61.41,0.57,36.4,1153,200.849
67.25,0.36,0.961,0.1069,22.87,0.35,36.3,820,19.9025
851.65,0.616,0.966,0.1636,53.5,0.34,29.2,694,38.238
70.46,0.415,1,0.0618,26.99,0.3,31.5,622,10.044001
73.06,0.402,1,0.0287,23.15,0.65,52.8,1845,56.542
661.92,0.438,0.844,0.0746,67.37,0.63,54.5,1810,203.101
2172.36,0.318,0.961,0.0504,94.29,0.51,35.6,1016,880.582
204.57,0.41,0.95,0.1055,32.05,0.3,33.8,664,15.280001
183.79,0.86,0.969,0.0537,38.23,0.36,37,942,8.17
41.01,0.315,0.998,0.025,12.1,0.62,38.1,1129,29.912
48.51,0.696,0.994,0.0249,12.41,0.38,38.4,924,12.978
1008.74,0.431,0.934,0.0457,93.29,0.55,44.2,1367,222.987
44.59,0.333,1,0.0147,15.22,0.59,34.8,797,10.74
7.51,0.47,1,0.0023,5.76,0.44,39.2,1238,5.9845
131.51,0.576,0.95,0.0367,20.47,0.54,39.2,999,52.036
147.14,0.455,0.994,0.046,31.7,0.61,35.5,1186,82.964
4329.83,0.541,0.973,0.1055,222.49,0.38,34.4,912,337.019
276.57,0.514,0.989,0.0799,39.11,0.64,31.3,1144,87.59
86.87,0.449,0.93,0.0759,25.47,0.61,50.2,1837,71.791
196.12,0.456,0.986,0.0395,36.89,0.46,38.4,877,43.264
43.93,0.423,0.999,0.0314,16.21,0.71,48,1828,41.904
111.76,0.462,1,0.0231,30.44,0.51,41.3,1198,29.921
79.92,0.499,0.85,0.0622,22.7,0.49,65.2,2258,45.54
464.65,0.478,0.995,0.0292,40.55,0.66,58.4,1835,312.78198
26.31,0.471,0.996,0.1279,10.06,0.33,33,616,3.299
509.54,0.565,0.996,0.0361,68.74,0.56,35.7,967,97.8385
46.28,0.467,0.998,0.0535,14,0.58,47.3,1500,62.850502
363.01,0.439,0.789,0.0768,41.47,0.63,61.8,2064,97.957
1121.49,0.458,0.987,0.0464,62.57,0.57,34.2,937,350.319
273.62,0.333,0.99,0.1148,44.66,0.42,33.2,696,53.9395
21.61,0.379,0.998,0.0636,7.74,0.45,47.7,1628,12.9939995
532.29,0.62,0.993,0.047,55.13,0.42,33.6,826,57.193
44.31,0.585,1,0.0228,17.73,0.48,54.7,1664,37.518
72.16,0.49,0.994,0.046,28.46,0.46,41.1,1226,39.278
110.98,0.312,0.982,0.0448,22.48,0.71,58.6,1840,63.798
72.07,0.951,0.93,0.0393,25.75,0.34,34.3,819,0.992
220.39,0.485,0.996,0.035,24.84,0.5,41.6,1228,81.2715
70.11,0.417,0.964,0.0585,21.6,0.71,66.4,2307,101.718506
102.05,0.576,1,0.0358,32.11,0.47,44.9,1429,32.443
67.08,0.41,0.976,0.0345,22,0.66,35.5,1194,30.72
37.37,0.591,1,0.0237,15.7,0.48,41.7,1276,5.916
475.92,0.684,0.996,0.1874,55.62,0.34,33.2,741,14.8245
159.94,0.588,0.931,0.1125,32.98,0.34,29.1,700,4.946
29.52,0.625,0.997,0.2063,11.29,0.26,28.5,616,1.9195
311.37,0.707,0.932,0.1901,45.99,0.31,28.2,620,8.005
76.64,0.396,0.99,0.06,21.74,0.26,29.8,599,11.943
1833.26,0.507,0.98,0.0483,127.75,0.58,38.5,1080,556.402
365.69,0.403,0.993,0.0595,44.36,0.61,38.2,1250,141.8645
216.18,0.569,0.965,0.0722,29.6,0.38,37.6,865,49.925
215.68,0.763,0.976,0.0472,34.69,0.35,35.6,875,15.2275
92.75,0.479,0.99,0.0694,21.39,0.33,32.4,701,13.571
419.59,0.377,0.971,0.098,58.16,0.3,31.7,636,37.42
27.55,0.534,0.974,0.1771,9.78,0.31,27.6,608,1.014
83.87,0.965,0.997,0.0983,17.01,0.3,30.9,668,1.0239999
23.93,0.306,0.995,0.0266,12.42,0.3,30.3,663,11.0105
51.9,0.414,0.991,0.0525,15.2,0.59,42.8,1561,55.2905
277.83,0.425,0.993,0.0894,33.62,0.52,36.9,1075,80.132
423.73,0.351,0.845,0.0554,52.48,0.59,36.4,1217,143.5525
55.33,0.746,0.991,0.0443,14.94,0.33,33.7,838,8.0285
219.28,0.357,0.913,0.0291,39.43,0.53,42.3,1218,93.647
16.78,0.786,1,0.015,7.05,0.36,38.2,894,1.1935
176.63,0.622,0.973,0.1267,26.3,0.38,37.1,840,26.832
441.1,0.365,0.664,0.0381,47.24,0.83,63.7,2273,130.02
235.21,0.839,0.979,0.034,34.4,0.32,34.3,736,3.545
31.53,0.319,1,0.0535,15.6,0.6,43.1,1361,28.011
137.99,0.309,0.992,0.1207,31.43,0.24,29,585,14.7145
80.4,0.713,0.952,0.0626,17.78,0.28,34.8,692,3.2480001
88,0.316,0.942,0.0461,22.57,0.6,48.6,1473,83.0485
85.7,0.651,1,0.0265,32,0.46,36.3,1098,12.51
36.8,0.445,0.938,0.0435,15.9,0.47,48.9,1636,16.7915
1267.1,0.374,0.958,0.0784,122.65,0.4,36.2,966,391.952
80.2,0.478,0.981,0.0299,26.35,0.48,49.8,1509,59.565
142.76,0.446,0.999,0.0319,27.28,0.66,47.2,1627,132.887
74.26,0.537,1,0.0665,14.29,0.38,41.8,886,30.622501
218.53,0.483,0.979,0.0339,40.88,0.58,42.8,1145,63.141
237.23,0.497,0.985,0.0622,43.72,0.64,45.1,1422,106.947
707.72,0.694,0.959,0.1632,50.58,0.29,28.2,607,16.643501
95.53,0.864,0.991,0.2263,19.26,0.23,28.4,628,2.6525002
161.41,0.778,0.974,0.0851,26.24,0.31,29.6,669,6.221
16.03,0.367,0.998,0.0593,7.13,0.48,48.6,1684,12.3125
247.09,0.477,0.992,0.0981,59.18,0.26,28.4,572,11.5825
324.39,0.429,0.993,0.0323,33.62,0.59,38.7,1149,190.012
12.79,0.237,1,0.0125,7.27,0.59,44.2,1463,15.362
100.76,0.726,0.999,0.0315,30.2,0.34,34.6,835,10.692
22.27,0.363,1,0.042,13.73,0.46,67.1,2095,37.406
100.1,0.768,0.988,0.0498,18.55,0.31,32.7,786,2.224
246.4,0.431,0.997,0.0418,39.41,0.65,50,1627,175.301
147.85,0.548,0.95,0.017,36.72,0.51,47.8,1375,45.6445
212,0.348,0.986,0.0705,39.41,0.59,37,1222,74.983
38.48,0.448,0.977,0.0302,16.68,0.36,34.9,895,12.8505
107.29,0.858,0.968,0.0291,35.78,0.33,35.3,821,3.61
128.9,0.591,0.842,0.045,29.42,0.35,38.6,987,18.651
67.75,0.527,0.977,0.0293,20.76,0.43,40.3,770,17.238
19.09,0.471,0.966,0.0434,8.75,0.34,37,855,13.357
47.49,0.367,1,0.0489,14.36,0.47,66.2,1987,69.063
306.06,0.715,0.994,0.1778,35.07,0.24,28.3,559,7.983
71.18,0.406,0.999,0.0438,12.11,0.5,39.9,1192,63.66
114.01,0.885,0.975,0.0592,25.15,0.35,34.9,925,4.643
1483.65,0.6,0.994,0.0618,117.13,0.35,33.6,818,164.116
123.45,0.389,0.918,0.0366,28.03,0.76,47.4,2147,111.347
57.92,0.904,0.976,0.0387,16.92,0.34,40,899,1.873
202.32,0.384,0.908,0.0373,42.95,0.63,40,1366,80.886
786.1,0.436,0.681,0.0549,64.99,0.71,50.3,2023,123.938995
239.07,0.563,0.999,0.0338,31.32,0.43,35.7,853,60.6065
925.03,0.486,0.989,0.0769,77.44,0.62,41.2,1350,317.10498
194.15,0.348,0.999,0.0372,28.33,0.71,57.5,1751,286.77
34.37,0.353,1,0.0212,12.4,0.72,43.7,1532,37.765
781.74,0.434,0.973,0.0482,100.03,0.56,39.1,1065,319.8985
126.74,0.825,0.89,0.0623,34.81,0.32,34.6,833,3.51
87.41,0.499,0.979,0.0837,17.88,0.4,39.1,891,26.158
193.75,0.297,0.955,0.0741,27.85,0.69,33.2,1096,105.035
420.71,0.495,0.979,0.0216,56.02,0.48,45.8,1361,144.926
156.9,0.675,0.973,0.078,27.31,0.35,39.6,921,28.104
1093,0.45,0.97,0.0645,95.06,0.6,37.5,1165,274.929
661.04,0.342,0.978,0.0346,71.26,0.47,35.8,933,185.524
143.43,0.581,0.944,0.2033,21.83,0.31,28.2,624,8.083
190.8,0.346,0.983,0.0428,32.43,0.62,63.8,1946,218.219
248.51,0.419,0.998,0.0781,45.93,0.62,42.1,1213,140.487
26.53,0.672,0.976,0.0351,8.28,0.44,42.4,1265,2.591
68.85,0.529,0.998,0.0318,25.12,0.3,30.6,639,10.267
326.99,0.502,0.999,0.0316,33.19,0.54,42.3,1306,122.4075
8.45,0.426,1,0.031,5.83,0.38,38.8,1006,4.302
76.17,0.431,0.999,0.0598,28.15,0.62,43.4,1466,78.224
67.14,0.406,0.896,0.0487,16.68,0.62,80.1,2809,89.601
273.84,0.368,0.958,0.1369,37.91,0.56,41.5,1251,137.373
86.29,0.935,1,0.034,21.27,0.34,40.7,922,1.294
112.7,0.422,0.999,0.0362,21.93,0.5,38.5,1144,40.282
429.98,0.366,0.975,0.035,58.58,0.62,43.7,1385,262.267
797.71,0.433,0.991,0.05,79.51,0.67,45.2,1461,447.263
242.36,0.283,0.939,0.0336,37.84,0.6,47.8,1532,193.78
136.48,0.959,1,0.0763,28.58,0.34,31.7,772,3.08
122.39,0.524,0.991,0.1574,17.61,0.31,31.1,643,7.551
243.84,0.335,0.908,0.0264,49.54,0.59,39.1,849,40.91
124.47,0.554,0.998,0.0594,33.35,0.45,40.7,890,35.577
34.8,0.453,0.997,0.0612,18.45,0.71,61.2,2011,41.879
4398.66,0.495,0.981,0.0544,152.98,0.49,35.7,955,780.8
47.71,0.497,0.998,0.0503,15.44,0.35,35.8,806,12.73
77.76,0.461,0.994,0.1153,29.29,0.31,28.8,570,4.55
404.67,0.588,0.993,0.057,44.56,0.41,34.8,910,48.44
139.13,0.406,0.858,0.0478,27.75,0.83,63.6,2616,176.9005
38.57,0.59,0.993,0.0202,15.42,0.48,42.2,1325,6.448
65.35,0.322,0.975,0.0297,18.26,0.62,63.5,1981,90.2495
13.37,0.349,0.981,0.0143,9.95,0.49,64.1,2066,21.629
191.38,0.476,0.98,0.0318,30.06,0.6,10.1,1185,67.405
961.4,0.511,0.997,0.0412,84.53,0.46,34.8,928,249.202
142.08,0.5,0.978,0.0755,28.14,0.32,33.2,789,16.8
116.17,0.483,0.83,0.0486,23.42,0.63,56.1,1976,46.587
170.87,0.296,0.977,0.0584,32.6,0.58,43.5,1503,164.224
155.85,0.428,0.994,0.0764,35.13,0.28,26.2,580,11.3975
273.03,0.426,1,0.0411,36.95,0.61,37.4,1219,134.8995
201.44,0.502,0.95,0.1593,29.48,0.34,29.6,719,10.914
19.31,0.495,1,0.0432,10.04,0.62,68,1974,28.578
36.62,0.293,0.994,0.0177,14.62,0.59,39.8,1126,24.619999
86.81,0.241,0.999,0.0421,24.01,0.62,40.3,1127,73.776
79.62,0.379,0.988,0.028,14.38,0.78,64,2848,183.936
22.51,0.43,1,0.0726,11.18,0.52,35,1043,10.996
6.81,0.59,1,0.0114,6.01,0.37,41.8,1210,3.233
324.54,0.392,0.987,0.0613,50.74,0.63,42.3,1507,200.433
56.9,0.549,0.987,0.0321,19.07,0.47,48.1,1428,30.143501
20.16,0.446,1,0.0231,8.56,0.5,38.8,1195,18.885
153.94,0.395,0.82,0.0187,23.28,0.72,44.6,1496,54.1245
13.66,0.336,0.98,0.0236,6.69,0.53,61.7,1720,15.25
157.63,0.59,0.993,0.0769,48.2,0.64,32.4,940,31.315
118.07,0.316,0.996,0.0203,23,0.59,41.2,943,48.41
481.29,0.474,0.987,0.0777,60.21,0.26,27.7,583,29.561
78.06,0.575,0.973,0.0113,16.32,0.5,45.4,1342,16.211
228.81,0.528,0.971,0.1386,40.16,0.31,28.8,635,7.979
225.76,0.591,0.99,0.048,52.04,0.41,35,917,21.8545
138.5,0.399,0.67,0.0345,26.2,0.77,57.2,2207,39.128
540.69,0.451,0.989,0.0257,64.94,0.63,39.9,1108,224.352
153.39,0.564,0.987,0.1214,24.45,0.34,30.3,712,14.5875
59.03,0.558,0.996,0.2478,16.09,0.26,11.3,615,6.147
22.17,0.392,0.78,0.0113,10.46,0.72,46.2,1699,19.1
327.81,0.949,0.949,0.0513,50.5,0.34,34.8,834,9.363
912.58,0.42,0.981,0.0674,102.47,0.41,41.8,1120,274.979
545.59,0.547,0.974,0.037,53.12,0.57,52.2,1478,344.946
53.88,0.461,1,0.0375,14.1,0.54,43.8,1316,19.135
170.88,0.914,0.979,0.0675,32.06,0.35,35.2,860,7.139
174.54,0.491,0.99,0.0462,41.16,0.62,45.3,1445,92.773
308.72,0.609,0.992,0.1039,40.66,0.4,34.5,800,40.417
140.83,0.44,0.993,0.0549,20.19,0.71,55.4,1630,228.4035
22.91,0.463,0.982,0.0224,13.27,0.45,45,1512,8.133
96.37,0.518,0.995,0.0371,27.54,0.51,35,958,14.189
446.28,0.367,0.997,0.0906,74.61,0.61,43.2,1343,219.07199
361.6,0.79,0.951,0.075,70.6,0.33,33.7,744,11.3
73.53,0.422,0.934,0.1065,18.71,0.52,37.9,947,14.18
117.54,0.333,0.814,0.0479,23.51,0.83,51,2203,85.372
165.09,0.353,0.925,0.0566,28.16,0.48,38.1,870,67.1785
222.82,0.413,0.994,0.0684,41.22,0.26,28.7,589,16.642
456.97,0.614,0.992,0.0432,52.06,0.42,33.7,830,50.18
46.12,0.412,0.862,0.0655,18.73,0.54,62.9,2153,20.353
11.34,0.411,1,0.0066,5.59,0.5,37.7,1188,12.329
261.94,0.615,0.981,0.2212,49.1,0.34,29,693,14.068
183.23,0.496,0.972,0.0714,25.89,0.71,55.7,1787,124.519
298.73,0.5,0.997,0.0315,52.53,0.56,51,1551,177.49051
101.8,0.637,0.999,0.0614,21.02,0.26,28.3,579,4.032
680.84,0.547,0.996,0.0923,57.82,0.35,32.4,824,84.218
1.63,0.196,1,0.0736,2.21,0.62,39.2,1096,1.7865
741.79,0.458,0.964,0.0624,78.16,0.6,39.5,1224,196.355
815.36,0.416,0.93,0.0576,118.52,0.41,40.2,1130,203.5645
8.15,0.309,1,0.0133,5.22,0.34,37.7,855,4.6099997
186.31,0.44,0.96,0.1043,29.69,0.53,38.7,968,35.263
102.37,0.554,0.986,0.0299,32.97,0.47,53.3,1549,64.659
1064.02,0.664,0.988,0.1124,106.4,0.35,35.5,861,114.852
232.84,0.427,0.998,0.0381,30.34,0.54,44,1130,137.516
7.93,0.403,1,0.0075,6.17,0.52,41.6,1346,4.7
440.5,0.355,0.997,0.0441,48.28,0.64,36.3,1367,279.439
145.91,0.452,0.997,0.0294,33.94,0.64,35.9,1048,59.8715
40.83,0.617,0.999,0.0254,10.79,0.45,34.6,1046,14.023
274.99,0.681,0.942,0.1991,34.06,0.31,28.1,620,7.813
48.05,0.325,0.974,0.0482,14.87,0.71,68.9,2507,66.609
18.84,0.341,1,0.0094,10.2,0.4,36,987,9.2
167.21,0.522,0.985,0.035,37.65,0.46,44.3,1435,49.191498
249.75,0.523,0.995,0.0359,38.72,0.47,63.1,1771,234.524
32.47,0.415,1,0.0182,10.73,0.71,47.8,1756,22.9025
95.66,0.698,0.96,0.1004,26.71,0.34,29.7,739,5.23
72.57,0.373,0.997,0.0251,18.4,0.52,39.1,1160,43.99
1699.42,0.422,0.959,0.0643,120.26,0.59,36.2,1139,376.597
298.98,0.561,0.992,0.164,46.75,0.61,36.3,1116,61.718002
304.23,0.454,0.992,0.1121,46.99,0.55,36.3,1225,112.373505
510.17,0.321,0.912,0.0345,55.01,0.6,43.4,1310,259.9165
173.1,0.508,0.991,0.0756,30.43,0.42,32,757,22.653
237.26,0.408,0.846,0.0627,30.65,0.64,66.4,2238,104.6155
72.78,0.448,0.992,0.0595,18.3,0.31,28.1,591,8.753
42.69,0.615,0.909,0.0165,11.99,0.42,39,1148,8.922
345.99,0.395,0.994,0.0359,49.21,0.45,34.3,905,129.6655
50.32,0.44,1,0.065,20.74,0.28,25.6,589,4.938
227.46,0.407,0.996,0.0504,39.92,0.62,58,1890,249.889
120.87,0.289,0.895,0.0736,30.28,0.6,32.8,1090,50.021
985.37,0.404,0.997,0.0689,74.98,0.64,50.5,1521,623.318
72.9,0.363,0.73,0.0518,18.99,0.71,61.5,2147,18.921
495.37,0.405,0.994,0.035,61.01,0.61,44.6,1423,354.5665
172.96,0.355,0.94,0.0233,19.74,0.57,44.3,1357,82.9615
197.8,0.56,0.996,0.0444,30.52,0.44,42.5,1276,56.04
99.34,0.559,0.98,0.073,17.89,0.34,32.7,724,15.001
132.65,0.368,0.986,0.0627,22.55,0.3,31.6,661,13.775
113.44,0.592,0.888,0.0418,23.68,0.49,37.2,859,19.113499
166.3,0.495,0.888,0.1621,47.03,0.6,35.5,1332,24.558498
7.98,0.774,0.99,0.1253,6.22,0.4,31.2,722,1.309
59.4,0.88,0.987,0.1057,23.89,0.3,31.6,698,1.718
102.4,0.488,0.982,0.0719,31.08,0.62,39.9,1106,35.726
165.21,0.952,1,0.0561,47.3,0.34,32.4,768,2.23
913.2,0.597,0.98,0.0445,94.4,0.56,50.2,1367,400.5975
44.58,0.417,0.74,0.0321,16.23,0.71,68.6,2542,33.308502
146.97,0.399,0.91,0.0522,25.82,0.63,60.6,2025,107.313
15.7,0.586,1,0.0375,9.02,0.35,36.6,934,2.645
12.87,0.251,0.969,0.0322,7.84,0.71,61.9,2000,16.3555
698.01,0.517,0.974,0.0505,49.76,0.56,37.7,1140,176.675
598.42,0.423,0.76,0.0344,68.98,0.71,52.9,2129,189.4815
179.98,0.474,0.994,0.0401,27.65,0.42,36.3,900,49.309
202.54,0.593,0.996,0.0646,31.7,0.49,36.1,977,27.319
197.07,0.376,0.963,0.0714,37.67,0.64,44.2,1341,84.27
131.51,0.447,0.898,0.0311,29.33,0.72,38,1437,50.652
243.63,0.4,0.942,0.0547,55.15,0.6,39.1,1368,90.921
105.98,0.43,0.839,0.0467,25.12,0.7,35.5,1292,50.897
40.83,0.671,0.979,0.0337,13.66,0.44,41.6,1206,5.53
282.03,0.347,0.973,0.0591,39.06,0.45,34,794,100.858505
3300.8,0.439,0.983,0.1357,152.06,0.37,36.5,899,318.5
584.7,0.487,0.894,0.0561,55.63,0.63,45.9,1505,203.9845
127.45,0.529,0.952,0.093,29.45,0.68,43.7,1294,36.936
2276.03,0.489,0.971,0.0741,125.23,0.64,39.9,1182,611.515
203.22,0.382,0.998,0.0987,42.98,0.61,45,1446,118.832
118.86,0.597,0.997,0.0356,37.24,0.29,33.3,730,36.964
64.54,0.403,0.992,0.0674,15.46,0.29,28.3,574,8.856
247.81,0.44,0.694,0.0524,36.16,0.71,67,2172,72.636505
22.44,0.319,0.983,0.0182,8.08,0.7,42,1317,15.2815
216.64,0.577,0.979,0.0741,39.5,0.42,37.5,833,45.461502
468.87,0.386,0.99,0.0408,58.77,0.68,46.3,1485,336.24548
118.62,0.266,0.999,0.0251,16.43,0.64,45,1522,132.02701
24.92,0.497,0.983,0.0971,11.6,0.34,36.5,849,6.6375
185.16,0.454,0.993,0.0417,24.06,0.31,34.7,677,23.213
24.58,0.261,1,0.0212,9.44,0.59,49.3,1577,31.368
1371.7,0.509,0.955,0.0615,105.81,0.65,42.8,1273,421.142
229.26,0.434,0.996,0.0776,35.62,0.62,41.9,1397,123.004
78.28,0.42,0.982,0.0451,26.13,0.36,40,912,21.878
202.79,0.549,0.996,0.0502,41,0.4,38.4,971,68.1455
58.78,0.885,0.879,0.0289,21.12,0.36,35.1,810,1.998
129.49,0.497,0.897,0.0648,38.47,0.69,51.6,1753,70.138
518.88,0.442,0.992,0.1227,45.99,0.36,34.6,849,120.528
319.3,0.314,1,0.0333,45.96,0.62,39.3,1291,301.3875
233.6,0.623,0.986,0.2022,34.06,0.31,32.2,639,10.415501
62.5,0.528,0.999,0.0268,21.55,0.53,43.1,1171,23.456
131.05,0.536,0.999,0.0295,26.69,0.52,51.9,1603,78.409
56.46,0.554,0.993,0.0936,15.94,0.26,25.5,566,3.83
1626.71,0.686,0.946,0.1923,96.68,0.32,32.3,730,77.624
35.42,0.355,0.993,0.0757,15.71,0.34,37.1,886,13.49
148.45,0.455,1,0.0327,34.13,0.44,36.3,1098,58.693
173.32,0.466,0.996,0.0309,51.38,0.61,44.8,1394,119.551
12.06,0.271,0.988,0.0398,8.41,0.61,57.5,2316,16.31
377.97,0.342,0.999,0.028,48.74,0.62,42.9,1226,231.323
243.04,0.493,0.997,0.0336,41.65,0.57,50.7,1538,122.902
429.2,0.523,0.996,0.091,46.75,0.56,32.8,1077,131.324
3480.01,0.65,0.953,0.1758,138,0.31,32.3,690,148.0145
15.07,0.525,1,0.0194,9.47,0.38,37.8,830,5.2244997
46.42,0.853,0.915,0.1649,18.09,0.31,28.2,645,0.788
4016.42,0.542,0.979,0.0824,244.21,0.38,38.7,1010,530.023
333.43,0.359,0.994,0.0672,64.44,0.62,35.1,1073,134.7875
103.14,0.445,0.786,0.0545,24.75,0.61,50.9,1790,34.471
3345.74,0.496,0.978,0.046,124.89,0.53,35.9,1014,806.71
447.94,0.937,0.976,0.0518,52.3,0.35,33.7,830,12.92
84.98,0.403,0.992,0.0694,19.27,0.53,40.9,1016,28.297
64.11,0.843,0.949,0.0521,18.34,0.29,33.3,695,2.482
126.36,0.463,0.992,0.1523,28.3,0.6,32.8,1131,34.3465
18.77,0.448,0.727,0.0522,9.43,0.71,57.9,1897,7.4969997
223.1,0.443,0.997,0.0472,29.82,0.66,45.1,1270,178.001
283.38,0.274,1,0.025,36.36,0.62,39,1230,217.1995
107.23,0.882,0.99,0.0357,24.52,0.38,37.4,969,5.1225
53.17,0.439,1,0.024,15.1,0.59,42.2,1268,23.207
37.38,0.362,0.995,0.0468,13.8,0.79,65.1,2766,59.9645
325.71,0.522,0.984,0.0751,41.23,0.4,34,812,45.9765
195.45,0.562,0.996,0.0458,26.55,0.53,33.5,870,21.744
51.56,0.404,0.968,0.0558,13.29,0.56,64.4,2056,40.380997
331.64,0.359,0.915,0.0488,31.14,0.81,45.4,1896,342.057
136.34,0.442,0.927,0.0527,23.09,0.44,35,976,27.9975
1049.61,0.311,0.989,0.0489,69.1,0.5,34.6,1013,440.64
792.65,0.573,0.997,0.0506,102.52,0.55,34.9,916,112.720505
10.94,0.338,1,0.1046,10.72,0.22,31.5,591,2.6455
172.17,0.423,0.997,0.041,37.71,0.59,52.7,1636,114.795
341.76,0.363,0.976,0.0461,32.35,0.7,63.9,2040,378.99548
11.46,0.227,1,0.0412,6.03,0.64,53.1,1904,15.09
88.59,0.4,0.974,0.0776,24.07,0.59,31.4,1003,29.739
1090.83,0.478,0.984,0.0607,89.91,0.59,49.8,1535,378.803
502.24,0.518,0.981,0.047,57.21,0.35,37.9,814,117.71
173.94,0.391,0.948,0.0606,48.39,0.58,32.7,926,51.665
55.97,0.393,1,0.0085,13.52,0.72,48.6,1670,77.673
621.52,0.513,0.955,0.1575,64.6,0.34,29.8,732,46.449997
1594.22,0.608,0.994,0.141,99.11,0.34,32.2,765,80.4105
184.23,0.482,0.918,0.0304,28.56,0.52,37.6,1152,48.267
79.4,0.481,0.95,0.0281,20.37,0.48,54,1618,45.324997
85.63,0.402,0.982,0.056,22.77,0.26,27.9,598,8.1345005
123.5,0.761,0.973,0.0925,26.22,0.27,32.7,646,6.552
58.16,0.523,0.996,0.0789,13.64,0.25,27.3,560,4.628
182.48,0.494,0.922,0.0445,29.83,0.35,35.9,835,32.242
92.74,0.403,0.986,0.107,31.53,0.31,29.9,598,10.6
1380.04,0.506,0.976,0.0468,107.51,0.62,38,1108,436.809
84.62,0.872,1,0.1187,24.12,0.34,31.3,744,5.594
783.72,0.51,0.916,0.061,71.45,0.59,43.8,1404,250.242
68,0.974,1,0.0246,21.79,0.35,32.5,807,3.715
63.78,0.404,0.997,0.0691,18.61,0.3,28.2,588,8.502
232.41,0.443,0.875,0.0267,41.66,0.7,41.2,1347,80.669
75.85,0.952,0.979,0.0488,25.22,0.34,36.6,896,2.889
897.26,0.507,0.995,0.0485,109.03,0.52,44.8,1379,215.506
510.02,0.425,0.997,0.0515,54.43,0.71,54.5,1652,441.99402
579.08,0.33,0.992,0.0582,69.54,0.62,36.2,1212,248.945
778.96,0.439,0.969,0.0519,66.61,0.51,42.3,1339,262.16998
278.05,0.353,0.992,0.184,36.97,0.34,32.5,691,42.098503
444.8,0.505,0.998,0.0342,54.2,0.53,36.2,988,129.252
50.97,0.455,0.997,0.0262,16.1,0.35,34.2,852,13.606501
1269.46,0.584,0.996,0.0588,127.35,0.52,34.4,884,136.246
38.59,0.421,1,0.012,11.98,0.72,49.9,1740,60.364
2852.4,0.485,0.959,0.0525,162.33,0.63,36.8,1119,472.093
36.7,0.588,0.982,0.0048,12.13,0.38,43.9,1151,6.12
263.63,0.577,0.993,0.0401,30.57,0.46,33.9,909,72.6325
137.79,0.527,0.997,0.0815,23.72,0.37,34,866,36.2005
108.14,0.883,0.961,0.0415,24.19,0.29,32.1,691,1.987
52.44,0.48,0.951,0.0611,19.05,0.35,38.5,857,16.406
103.32,0.596,0.982,0.1498,21.93,0.28,27.3,595,3.659
116.03,0.39,0.767,0.016,20.64,0.72,46.4,1555,38.503
140.09,0.576,0.993,0.0518,22.82,0.29,29.1,599,8.129
366.25,0.341,0.932,0.0697,46,0.69,50.2,1757,226.806
414.39,0.292,0.861,0.1083,58.38,0.58,33.8,1058,98.094
832.97,0.472,0.997,0.0374,63.01,0.48,38.3,1153,229.1175
1.74,0.603,1,0.0172,2.74,0.54,41.6,1207,1.2245
86.01,0.338,0.985,0.0465,22.11,0.71,62.2,2261,117.965
228.88,0.585,0.993,0.065,30.57,0.4,36,971,71.491
89.03,0.546,0.983,0.0656,27.77,0.45,42.4,1211,11.053
162.76,0.52,0.987,0.0452,22.45,0.43,32.7,724,30.382
94.89,0.944,0.985,0.0523,20.47,0.35,34.9,872,3.421
1124.59,0.612,0.994,0.0635,82.68,0.36,33.4,841,138.789
60.07,0.413,1,0.0077,15.99,0.46,36,1020,24.7325
26.83,0.736,0.866,0.0258,11.19,0.44,43.7,1294,3.9580002
759.03,0.386,0.927,0.0532,107.44,0.43,40.7,1163,233.276
1745.88,0.484,0.938,0.0612,102.35,0.69,35.6,1194,223.915
98.37,0.437,0.986,0.0742,21.17,0.61,39.1,1296,37.486
88.18,0.298,0.997,0.0268,22.94,0.59,40.2,1050,80.015
4.32,0.32,1,0.0516,3.74,0.27,33.1,641,1.906
205.67,0.775,0.971,0.0348,31.37,0.38,39.8,1010,15.948
8.69,0.323,1,0.0098,5.73,0.66,72.9,2483,13.829
365.9,0.61,0.992,0.0902,54.57,0.37,35,877,44.366
57.5,0.419,0.999,0.0433,19.06,0.5,40.2,1164,30.935
23.33,0.669,0.933,0.0579,11.77,0.35,34.2,906,3.361
78.1,0.505,1,0.0491,25.04,0.31,31.5,619,6.582
885.11,0.588,0.99,0.1064,90.17,0.35,34.3,813,45.1455
135.29,0.549,0.996,0.0339,35.22,0.48,45.5,1423,48.737
27.58,0.387,0.999,0.0447,9.26,0.27,29.1,588,6.759
100.33,0.404,0.999,0.0928,27.2,0.61,35.4,1270,63.715004
401.59,0.411,0.945,0.0539,41.13,0.75,39.5,1431,101.336
608.13,0.526,0.985,0.0313,77.1,0.46,42.2,1249,169.462
664.23,0.425,0.996,0.0496,74.99,0.49,39.8,1185,230.045
1008.94,0.452,0.927,0.0565,70.89,0.71,36.5,1316,145.5
65.59,0.513,0.993,0.0617,20.68,0.71,50.5,1599,53.748
20.17,0.811,1,0.0149,10.07,0.38,39.3,1012,0.406
44.59,0.376,0.939,0.0894,19.89,0.52,35.4,987,16.005
27.18,0.386,1,0.0183,9.88,0.66,72.3,2341,50.404
212.19,0.514,0.976,0.0739,33.58,0.71,54.1,1726,148.543
263.01,0.376,0.986,0.0568,42.97,0.59,37.8,1264,163.293
155.39,0.518,0.997,0.07,37.34,0.41,33.1,774,40.298
687.29,0.565,0.947,0.0303,58.42,0.41,37.5,1114,117.477
60.24,0.568,0.979,0.0606,17.39,0.29,34,686,7.3114996
42.1,0.632,0.997,0.0117,14.72,0.32,33.1,715,9.52
167.21,0.327,0.991,0.0455,38.71,0.67,39.1,1292,100.777
34.76,0.584,0.917,0.0441,15.03,0.53,38.2,1055,9.523
235.9,0.537,0.97,0.0761,46.2,0.25,27.8,566,12.016
126.98,0.402,0.996,0.0988,17.94,0.28,26.7,577,12.4
2645.6,0.484,0.956,0.0526,146.99,0.65,36.6,1133,420.9705
149.89,0.414,0.979,0.0488,36.33,0.5,36.6,1019,49.783
66.84,0.409,1,0.0297,23.39,0.68,51,1492,83.631
43.99,0.367,0.746,0.0281,13.07,0.71,81.9,2629,20.046
1894.26,0.472,0.967,0.0693,157.79,0.5,42.4,1230,387.97552
414.4,0.778,0.968,0.0711,54.9,0.37,38.6,968,21.9
105.29,0.491,0.994,0.0361,27.17,0.4,40.5,1040,57.872
77.57,0.865,0.971,0.0822,34.38,0.33,31.8,736,3.4775
288.53,0.498,0.996,0.0383,39.74,0.39,40.1,994,104.8665
335.39,0.504,0.914,0.0771,38.11,0.62,42.2,1558,195.072
474.08,0.338,0.822,0.0698,56.85,0.73,40.4,1383,140.62851
101.64,0.471,0.951,0.0616,17.71,0.53,51.9,1261,64.99451
697.46,0.459,0.986,0.0378,62.86,0.68,39,1231,300.532
387.74,0.48,0.983,0.1108,40.11,0.31,30.4,655,21.8
30.36,0.565,0.993,0.063,11.52,0.35,33.9,884,13.505
121.64,0.45,0.999,0.0465,29.19,0.49,39,1199,63.4845
95.57,0.305,1,0.0292,18.51,0.56,34.2,993,63.975
574.66,0.449,0.97,0.0598,61.86,0.52,42.7,1256,191.494
85.83,0.838,1,0.07,18.26,0.32,31.1,759,3.616
517.56,0.484,0.993,0.0619,76.12,0.54,43.3,1392,135.8425
74.34,0.941,0.995,0.0403,21.67,0.34,37,885,1.314
147.47,0.803,0.926,0.1336,41.66,0.26,29.2,683,3.679
6.52,0.397,0.992,0.0031,4.69,0.83,70.4,2555,6.25
36.97,0.301,1,0.0326,16.5,0.44,35.4,1085,26.395
248.21,0.635,0.986,0.2001,34.68,0.31,32.1,637,10.450001
634.78,0.504,0.992,0.0672,77.29,0.46,37.9,827,82.895004
363.76,0.532,0.94,0.0473,52.95,0.51,40.5,1086,85.687
57.67,0.553,0.937,0.0111,21,0.35,37.8,1101,13.053
128.42,0.613,1,0.1962,21.41,0.24,28.9,558,5.156
158.22,0.419,0.992,0.1244,26.5,0.62,33.4,1285,66.094
19.39,0.439,0.991,0.0711,12.51,0.56,47.5,1477,10.7745
1459.55,0.894,0.985,0.0694,95.25,0.34,33.4,807,46.46
847.7,0.354,0.945,0.0526,85.6,0.54,39.6,1122,375.695
27.75,0.633,0.996,0.023,10.61,0.35,36.7,1009,10.268
183.49,0.46,0.977,0.086,29.02,0.58,32,1143,52.66
216.48,0.553,0.999,0.0505,38.77,0.46,43.3,1420,61.3665
105.31,0.352,0.938,0.0413,14.3,0.85,58.3,2456,198.528
-999,0.449,1,0.0241,22.39,0.63,37,1001,31.67
313.59,0.421,0.987,0.0821,46.35,0.58,32.8,1156,106.918
964.93,0.395,0.976,0.1004,76.19,0.57,31.1,1008,118.6595
109.57,0.354,0.906,0.0951,21.45,0.29,31.5,668,13.349501
219.21,0.438,0.995,0.0483,35.65,0.71,55.1,1670,266.95398
138.63,0.379,0.836,0.0327,29.9,0.75,54.1,2470,80.978
382.69,0.39,0.958,0.0849,48.1,0.35,35,805,76.128
48.51,0.642,0.977,0.0264,15.65,0.44,38.1,1076,4.386
397.92,0.362,0.813,0.0397,49.02,0.74,55.4,2117,309.038
81.6,0.615,0.99,0.0328,27.08,0.41,36.3,968,8.4805
355.07,0.583,0.997,0.0723,40.55,0.41,39.8,956,150.8005
9.85,0.578,1,0.0056,4.66,0.42,44.2,1270,4.262
52.85,0.388,0.984,0.0892,21.42,0.31,31,599,11.084
578.21,0.393,0.993,0.0403,82.28,0.44,34.4,850,139.673
199.42,0.757,0.963,0.0808,41.8,0.29,32.6,667,16.6035
33.76,0.437,0.998,0.2498,13.3,0.37,31.5,831,6.109
272.2,0.498,0.994,0.0505,44.15,0.68,33.1,1012,94.4505
510.9,0.386,0.99,0.0452,60.56,0.63,45.3,1338,238.2135
117.12,0.372,0.844,0.0397,27.82,0.59,44.1,1530,90.532
152.4,0.678,0.976,0.0232,26.72,0.52,37.4,1165,16.5275
236.84,0.436,0.974,0.0376,31.8,0.81,43.7,1785,190.699
155.76,0.357,0.973,0.0664,28.83,0.63,45.1,1512,70.779
196.18,0.611,0.975,0.1367,37.33,0.28,28.2,589,5.073
1012.97,0.31,0.993,0.0471,66.25,0.5,34.7,1023,367.601
417.01,0.403,0.953,0.0885,55.23,0.28,30.7,634,38.588
559.72,0.689,0.93,0.1299,79.18,0.3,29.8,672,18.561
50.04,0.931,1,0.0367,12.76,0.35,35.1,968,2.8575
183,0.498,0.994,0.0888,31.76,0.61,36.9,1202,85.8535
185.66,0.403,0.897,0.0381,30.64,0.62,41.7,1305,72.44
43.43,0.377,0.999,0.0328,-999,0.62,51.8,1806,53.942
319.94,0.441,0.998,0.0991,-999,0.6,33.6,1163,106.756
552.57,0.324,0.858,0.0555,56.43,0.65,33,1117,169.057
118.05,0.656,0.943,0.0453,28.03,0.37,39.5,1056,21.405
11.76,0.597,0.923,0.0183,7.41,0.38,41.4,1030,1.234
20.38,0.539,0.978,0.0028,12.14,0.54,50.9,1485,7.7565002
198.07,0.553,0.999,0.0295,32.69,0.48,50.8,1555,111.322
125.92,0.553,0.999,0.0382,28.39,0.49,37.5,962,26.7795
92.61,0.536,0.989,0.0297,22.2,0.43,34.2,762,17.979
883.12,0.528,0.976,0.0746,87.48,0.42,34.3,936,119.094
203.65,0.562,0.977,0.0537,40.88,0.36,36.2,964,43.723
77.73,0.386,0.947,0.0635,25.81,0.5,37.8,1181,16.774
194.15,0.381,0.994,0.1067,44.61,0.34,33.3,726,43.54
1283.4,0.426,0.96,0.0412,84.45,0.53,44.7,1386,529.327
89.42,0.451,1,0.0172,23.5,0.53,60,2038,101.89
148.7,0.538,0.994,0.1466,33.49,0.35,28.8,729,15.362
307.14,0.489,0.986,0.0503,43.22,0.43,34.7,713,57.803
140.38,0.493,0.994,0.0688,40,0.31,28.4,579,13.836
938.48,0.452,0.966,0.0616,85.17,0.61,38.5,1204,247.7385
133.52,0.551,0.965,0.0329,37.06,0.49,38,906,36.8565
188.05,0.654,0.954,0.19,34.67,0.4,29,739,10.653
117.35,0.422,0.97,0.0458,28.01,0.36,39.4,899,27.434
15.85,0.959,1,0.0305,7.33,0.32,33.9,757,0.142
801.65,0.437,0.943,0.1041,66.98,0.3,30.2,648,62.661
139.27,0.436,0.997,0.0284,33.73,0.57,32.7,915,71.038
78.54,0.28,0.998,0.0224,17.99,0.63,39.2,1156,53.15
32.34,0.345,0.645,0.0154,10.6,0.71,70.2,2438,12.811
109.39,0.512,0.896,0.0293,28.24,0.68,43.8,1244,69.8325
149.24,0.404,0.743,0.0382,23.62,0.67,62.8,2150,59.096
322.97,0.27,0.995,0.0303,35.83,0.64,41.4,1331,237.306
1149.07,0.442,0.836,0.0373,89.04,0.7,49.4,1950,354.832
74.13,0.362,0.999,0.0106,17.37,0.59,34.8,895,25.0555
55.72,0.82,0.958,0.0247,13.54,0.29,35.4,698,3.084
455.1,0.338,0.97,0.024,50.31,0.59,38.2,1034,201.807
134.5,0.443,0.904,0.0413,23,0.36,35,812,27.875
25.62,0.395,1,0.1129,10.77,0.28,25.2,598,3.661
59.98,0.482,0.997,0.0313,14.24,0.72,40.6,1344,26.132
16.05,0.888,0.96,0.0173,8.95,0.36,35.3,819,0.459
148.28,0.508,0.942,0.1816,32.6,0.39,30.5,818,19.550499
62.9,0.696,0.975,0.028,14.16,0.38,33.3,863,3.601
99.67,0.386,0.997,0.1071,19.83,0.33,36.9,854,21.602001
173.41,0.3,0.978,0.0195,23.41,0.59,42.4,1279,117.7115
1037.36,0.766,0.965,0.0782,90.42,0.31,32.9,758,38.394
63.26,0.494,1,0.0256,23.03,0.61,45.5,1299,36.5695
33.97,0.457,0.999,0.0724,12.97,0.64,46.2,1428,34.576
263.74,0.563,0.96,0.0545,40.53,0.36,37.4,965,57.007
326.55,0.903,1,0.071,48.34,0.34,31,744,11.106
1260.92,0.47,0.917,0.0589,88.07,0.7,36.4,1277,165.854
50.13,0.656,0.993,0.1238,14.39,0.27,32.4,641,5.8805
58.81,0.273,1,0.0201,13.34,0.59,38.3,1199,64.633
31.84,0.393,1,0.027,9.94,0.71,11.9,2340,43.18
12.06,0.879,0.944,0.0162,6.32,0.38,40.8,1030,0.861
502.73,0.443,0.928,0.0386,54.52,0.67,41.3,1306,241.075
130.45,0.405,0.978,0.0966,26.97,0.34,36.2,814,38.989502
345.2,0.322,0.978,0.0409,48.82,0.47,32.7,941,134.5495
367.59,0.339,0.98,0.0813,52.64,0.6,37.3,1228,200.4925
397.97,0.555,0.991,0.0405,53.62,0.41,35.8,1022,87.253
445.22,0.366,0.976,0.0362,61.92,0.62,43.4,1369,267.21
920.16,0.481,0.993,0.044,74.06,0.49,40.1,1215,263.276
377.16,0.507,0.965,0.0481,42.63,0.66,39.9,1255,123.485504
407.17,0.453,0.86,0.0623,42.2,0.66,54.5,1768,179.0455
1844.19,0.448,0.977,0.0787,78.34,0.62,35,1288,574.8425
3211.11,0.437,0.806,0.0406,117.3,0.69,43.4,1609,839.283
164.46,0.419,0.997,0.0414,36.96,0.59,53.1,1656,114.109
291.9,0.4,0.989,0.0331,28.76,0.69,42,1334,180.223
64.57,0.394,0.999,0.0523,19.24,0.62,55.6,1723,60.718
708,0.476,0.925,0.0867,79.98,0.29,31.1,632,37.004
258.42,0.399,0.997,0.0487,42.19,0.49,40.2,1231,100.477
74.22,0.629,0.988,0.0381,15.32,0.35,37.4,911,11.4345
219.24,0.454,0.981,0.0632,39.75,0.65,41.7,1484,117.687
136.69,0.469,0.999,0.0538,30.29,0.3,31.7,625,11.798
415.59,0.451,0.982,0.0392,50.96,0.68,39.4,1217,248.084
749.9,0.298,0.989,0.044,60.11,0.6,38.3,1147,469.699
56.18,0.968,0.983,0.1161,21.65,0.24,30.6,688,0.449
120.54,0.568,0.972,0.064,30.76,0.53,36.9,975,20.461
84.62,0.532,1,0.2355,25.06,0.37,31.1,715,9.631
283.47,0.385,0.977,0.0734,38.62,0.62,39.3,1151,67.482
54.47,0.338,1,0.0913,19.53,0.52,35.8,991,36.683
571.36,0.509,0.985,0.0861,79.29,0.25,27.7,580,27.452
305.19,0.622,0.988,0.0931,34.55,0.34,33,804,36.405
28.99,0.443,0.975,0.0822,14.2,0.6,40.2,1183,15.934
170.94,0.365,0.992,0.0583,33.33,0.53,34.6,995,48.522
48.51,0.906,0.944,0.1181,17.72,0.24,29.9,686,1.129
25.26,0.499,0.978,0.035,12.54,0.45,44.2,1445,9.565
74.95,0.276,0.855,0.092,16.74,0.28,31.8,575,7.126
53.51,0.955,1,0.0537,12.35,0.34,32.8,770,1.076
181.9,0.537,0.967,0.0414,28.01,0.44,43.8,1437,81.849
92.96,0.321,0.962,0.0936,29.76,0.35,36.1,812,29.826
2026.73,0.47,0.977,0.0919,121.61,0.5,38.9,1147,285.066
111.18,0.352,0.85,0.0273,21.23,0.55,60.5,1858,96.308
497.61,0.381,0.998,0.0383,60.77,0.61,41,1123,335.6595
618.21,0.474,0.998,0.06,62.7,0.66,41,1142,248.095
182.4,0.567,0.998,0.0313,29.92,0.53,35.4,955,31.6225
258.14,0.33,0.97,0.0549,42.42,0.6,50.9,1602,225.574
202.93,0.427,0.997,0.0406,34.67,0.45,35.8,758,61.86
304.96,0.587,0.923,0.0682,58.04,0.5,35.7,942,95.83
184.74,0.477,0.963,0.0365,24.81,0.62,59.6,1674,159.2635
102.42,0.479,0.979,0.0532,18.95,0.33,35.7,837,15.227
21.87,0.302,1,0.0061,16.21,0.45,40.5,1056,14.563499
132.96,0.468,0.982,0.0659,26.36,0.31,28.5,588,12.919
209.94,0.555,0.987,0.0338,33.98,0.45,42.9,1338,70.447
4586.97,0.473,0.847,0.0534,130.42,0.58,41.6,1424,992.846
243.54,0.492,0.993,0.1291,32.46,0.61,36.6,1205,59.699
204.71,0.388,0.975,0.0575,33.39,0.35,36.6,857,36.558
98.48,0.428,1,0.0333,22.53,0.59,52.5,1900,147.55551
1569.29,0.575,0.985,0.0961,94.38,0.34,34.3,817,167.223
427.14,0.699,0.965,0.0682,62.55,0.32,33.1,691,25.7
193.51,0.645,0.954,0.1198,37.58,0.34,28.9,719,11.2225
240.98,0.476,0.996,0.0382,35.19,0.51,40.6,1274,78.168
29.38,0.367,1,0.0599,14.28,0.52,36.6,1079,22.4605
33.62,0.623,0.984,0.0214,9.42,0.42,39.3,1161,5.3075
88.25,0.625,0.991,0.0666,19.69,0.35,35.8,851,12.157
79.86,0.561,0.975,0.0316,21.35,0.49,38.3,949,19.489
205.45,0.531,0.999,0.0348,42.61,0.44,36.2,930,51.535
72.12,0.598,0.973,0.1578,25.54,0.31,28.6,649,2.971
156.2,0.406,0.901,0.0553,30.8,0.69,57.4,1828,100.983
32.43,0.949,1,0.0159,13.34,0.31,33.2,721,0.784
67.62,0.691,1,0.0381,26.18,0.4,33.8,834,14.407
7.17,0.398,1,0.0059,4.6,0.5,37.1,1150,aaa
141.9,0.572,0.998,0.0451,35.42,0.36,37.9,887,36.146
63.71,0.485,0.997,0.0494,19.83,0.63,48.9,1489,29.21
1092.13,0.478,0.984,0.061,90.61,0.59,49.8,1534,312.826
181.88,0.435,0.898,0.0537,46.15,0.66,52.3,1756,109.671
